{
    
        "tour_code": "TNCHNIG201",
        "tour_count": 1,
        "tour_id": "TNCHNIG201-01",
        "destinations": "Best of Pondicherry",
        "enableKmFare": "",
        "custom_tourcode": "",
        "show_althotels": "Y",
        "enable_budget_stay": "N",
        "disable_4star": "N",
        "duration": 2,
        "from_city": "Chennai",
        "itinerary_url": "https://www.trawell.in/itineraries/chennai/2-day-trip/best-of-pondicherry",
        "operator_name": "Trawell.in",
        "operator_city": "Hyderabad",
        "start_time": "7 AM",
        "end_time": "10 PM",
        "inclusions": "",
        "exclusions": "",
        "airport_pickup": "Y",  
        "operation_type": "I",
        "base_fare": 7250,
        "orig_fare": 9063,
        "discount_markup": 20,
        "enable_booking": "Y",
        "pp_cost": "N",
        "block_days": "D",
        "only_cab": "",
        "cab_commission": "",
        "tour_inex_travel": [
            {
                "travel_from": "",
                "tour_id_wt": "",
                "tour_id_wot": "PYPRYID201"
            }
        ],
        "stay": "Pondicherry:1",
        "prime_dest": "Pondicherry",
        "trip_mode": "C",
        "tour_plan": "Y",

    "itenerary":{
        "itinerary_count": 1,
        "from_city": "Chennai",
        "end_city": "",
        "file_name": "best-of-pondicherry",
        "it_title": "Best of Pondicherry (from Chennai)",
        "it_title_day": "Travel to Pondicherry & Sightseeing;Pondicherry Sightseeing & Travel to Chennai",
        "it_type": "G",
        "duration": "2",
        "start_time": "6 AM:9 AM",
        "ss_end_time": "",
        "end_time": "10 PM",
        "prime_dest": "Pondicherry",
        "activities": "Manakula Vinayagar Temple:Sri Aurobindo Ashram:Pondicherry Museum:Bharathi Park / Government Park:Mahatma Gandhi Statue:Pondicherry Beach / Promenade Beach:Overnight stay in Pondicherry;;Check out hotel & proceed to sightseeing:Basilica Of Sacred Heart Of Jesus:Botanical Garden:Chunnambar Boat House:Paradise Beach",
        "image_path": "Pondicherry2.jpg",
        "destinations": "Pondicherry;Winter;Beach",
        "it_url": "/itineraries/chennai/2-day-trip/best-of-pondicherry",
        "it_places": "Manakula Vinayagar Temple:Sri Aurobindo Ashram:Pondicherry Museum:Bharathi Park / Government Park:Mahatma Gandhi Statue:Pondicherry Beach / Promenade Beach:Overnight stay in Pondicherry;;Check out hotel & proceed to sightseeing:Basilica Of Sacred Heart Of Jesus:Botanical Garden:Chunnambar Boat House:Paradise Beach",
        "it_notes": "",
        "it_alt_notes": ""
    },
    "tour_list":
    {
        "intro": "Pondicherry tour packages - explore a great collection of most popular &  top rated trip packages to Pondicherry with itinerary, hotel options and price. Instantly book customized Pondicherry holiday at best price online.<br><br>Located along the Coromandel Coast of Bay of Bengal, <a href=\"/pondicherry/pondicherry\" target=\"_blank\">Pondicherry</a> or Puducherry is one of the most popular tourist attractions in India and among the top weekend getaways from Chennai & Bangalore. Pondicherry, a former French colony, is well-known for its colonial heritage and secluded beaches. <br><br>The strategic location, awe-inspiring natural beauty, coupled with its French past and cultural heritage make Pondicherry a major tourist destination. The city is separated into two quarters known as the French quarter and the Indian quarter. The French quarter is characterized by the building of typical colonial architecture and the latter boasts of ancient Tamil styles and designs. Furthermore, the beaches here are the perfect way to relax in the evenings. Hotel de Vile, French War Memorial, Puducherry Museum, Aayi Mandapam, Auroville Ashram, Sri Aurobindo Ashram, Promenade, Chunnambar Resort, Old Lighthouse, Romaine Rolland Library are some of the major <a href=\"/pondicherry/pondicherry/places-to-visit-things-to-do\" target=\"_blank\">Places to visit in Pondicherry</a>.<br><br>From beaches to ashrams, Pondicherry presents an endless list of places that can be best availed with Pondicherry tour packages from Trawell.in. When you book our Pondicherry vacation packages from Chennai, you can expect maximum discounts,  luxurious and comfortable accommodation, transportation, a customized itinerary, and a vacation full of enjoyment.  All our holiday packages are designed to cater to the interests of every kind of traveler to the city, and you can choose your own at the most affordable price. Typically, 2 days is required to explore best <a href=\"/tour-packages/pondicherry\" target=\"_blank\">Pondicherry Tour Packages</a>. <br><br>You can also choose various <b>Pondicherry Holiday Packages</b> from 2D/1N to 5D/4N to explore this former French colony. As part of a 2D/1N quick tour of Pondicherry, you can visit Manakula Vinayagar Temple, Sri Aurobindo Ashram, Pondicherry Museum, Bharathi Park, Mahatma Gandhi Statue, Pondicherry Beach, Basilica of Sacred Heart of Jesus, Botanical Garden, Chunnambar Boat House, and Paradise Beach. You can include Mahabalipuram for 3D/2N Pondicherry Package and Yelagiri for 4D/3N Package from Bangalore. While the 5D/4N Pondicherry Tour offers Pondy along with Mahabalipuram, Chidambaram, and Kanchipuram Sightseeing.<br><br>The Winter season from October to February is the best time to visit Pondicherry to experience the beautiful beaches and churches in the city. This is the time to enjoy thrilling water sports like Jet Skiing, Parasailing, Banana Boat ride, etc. December and January are the busiest months in Pondicherry and attract a large number of tourists during this time. Summer would be quite hot and humid but the evenings are pleasant with a cool breeze. Monsoon isn’t the favorite season of many people, but monsoon in Pondicherry has its romantic charm with rain-washed vistas, lush green flora, and colorful flowers. However, this is the best time for those who love to soak in the rain and experience the lush green landscape of Pondicherry.",
        "review_count": "68",
        "rating_average": "4.8",
        "tour_list": [
            {
                "it_code": "TNCHNIG201",
                "it_fromdest": "Chennai",
                "it_title": "Best of Pondicherry (from Chennai)",
                "it_duration": "2",
                "it_type": "G",
                "it_url": "/itineraries/chennai/2-day-trip/best-of-pondicherry",
                "it_image": "Pondicherry2.jpg",
                "it_popular": "Y",
                "it_tourplan": "Y",
                "it_summarytitle": "Pondicherry (1N)"
            },
            {
                "it_code": "TNCHNIG207",
                "it_fromdest": "Chennai",
                "it_title": "Quick Tour of Mahabalipuram & Pondicherry (from Chennai)",
                "it_duration": "2",
                "it_type": "G",
                "it_url": "/itineraries/chennai/2-day-trip/mahabalipuram-pondicherry",
                "it_image": "Mahabalipuram1.jpg",
                "it_popular": "Y",
                "it_tourplan": "Y",
                "it_summarytitle": "Pondicherry (1N)"
            },
            {
                "it_code": "KABLRIG206",
                "it_fromdest": "Bangalore",
                "it_title": "2 Days Trip from Bangalore | Quick Tour of Pondicherry",
                "it_duration": "2",
                "it_type": "G",
                "it_url": "/itineraries/bangalore/2-day-trip/pondicherry",
                "it_image": "Pondicherry1.jpg",
                "it_popular": "N",
                "it_tourplan": "Y",
                "it_summarytitle": "Pondicherry (1N)"
            },
            {
                "it_code": "KABLRIG306",
                "it_fromdest": "Bangalore",
                "it_title": "3 Days Trip from Bangalore | Mahabalipuram & Pondicherry",
                "it_duration": "3",
                "it_type": "C",
                "it_url": "/itineraries/bangalore/3-day-trip/mahabalipuram-pondicherry-in-3-days",
                "it_image": "Mahabalipuram1.jpg",
                "it_popular": "Y",
                "it_tourplan": "Y",
                "it_summarytitle": "Pondicherry (2N)"
            },
            {
                "it_code": "TNCHNIG305",
                "it_fromdest": "Chennai",
                "it_title": "Mahabalipuram & Pondicherry (from Chennai)",
                "it_duration": "3",
                "it_type": "C",
                "it_url": "/itineraries/chennai/3-day-trip/mahabalipuram-pondicherry-in-3-days",
                "it_image": "Mahabalipuram1.jpg",
                "it_popular": "Y",
                "it_tourplan": "Y",
                "it_summarytitle": "Pondicherry (2N) - Mahabalipuram (Day)"
            },
            {
                "it_code": "KABLRIG346",
                "it_fromdest": "Bangalore",
                "it_title": "3 Days Trip from Bangalore | Quick Tour of Pondicherry & Yelagiri",
                "it_duration": "3",
                "it_type": "C",
                "it_url": "/itineraries/bangalore/3-day-trip/quick-tour-of-pondicherry-yelagiri",
                "it_image": "Yelagiri_Lake.jpg",
                "it_popular": "Y",
                "it_tourplan": "Y",
                "it_summarytitle": "Pondicherry (1N) - Yelagiri (1N)"
            },
            {
                "it_code": "TNCHNIG310",
                "it_fromdest": "Chennai",
                "it_title": "Kanchipuram & Pondicherry (from Chennai)",
                "it_duration": "3",
                "it_type": "C",
                "it_url": "/itineraries/chennai/3-day-trip/kanchipuram-pondicherry-in-3-days",
                "it_image": "Kanchipuram.jpg",
                "it_popular": "N",
                "it_tourplan": "Y",
                "it_summarytitle": "Pondicherry (2N) - Kanchipuram (Day)"
            },
            {
                "it_code": "TNCHNIG316",
                "it_fromdest": "Chennai",
                "it_title": "Chidambaram & Pondicherry (from Chennai)",
                "it_duration": "3",
                "it_type": "C",
                "it_url": "/itineraries/chennai/3-day-trip/chidambaram-pondicherry-in-3-days",
                "it_image": "Pondicherry2.jpg",
                "it_popular": "N",
                "it_tourplan": "Y",
                "it_summarytitle": "Chidambaram (1N) - Pondicherry (1N)"
            },
            {
                "it_code": "TNCHNIG320",
                "it_fromdest": "Chennai",
                "it_title": "Quick Tour of Pondicherry & Yelagiri (from Chennai)",
                "it_duration": "3",
                "it_type": "C",
                "it_url": "/itineraries/chennai/3-day-trip/quick-tour-of-pondicherry-yelagiri",
                "it_image": "Yelagiri1.jpg",
                "it_popular": "Y",
                "it_tourplan": "Y",
                "it_summarytitle": "Pondicherry (1N) - Yelagiri (1N)"
            },
            {
                "it_code": "KABLRIG345",
                "it_fromdest": "Bangalore",
                "it_title": "3 Days Trip from Bangalore | Pondicherry Leisure Tour",
                "it_duration": "3",
                "it_type": "C",
                "it_url": "/itineraries/bangalore/3-day-trip/pondicherry-leisure-tour",
                "it_image": "Pondicherry1.jpg;Pondicherry2.jpg;Pondicherry3.jpg",
                "it_popular": "Y",
                "it_tourplan": "Y",
                "it_summarytitle": "Pondicherry (2N)"
            },
            {
                "it_code": "KABLRIG391",
                "it_fromdest": "Bangalore",
                "it_title": "3 Days Trip from Bangalore | Pondicherry with Chidambaram",
                "it_duration": "3",
                "it_type": "C",
                "it_url": "/itineraries/bangalore/3-day-trip/pondicherry-chidambaram",
                "it_image": "Chidambaram1.jpg;Pondicherry2.jpg;Pondicherry1.jpg;Pondicherry_Paradise_Beach.jpg;Pondicherry3.jpg",
                "it_popular": "Y",
                "it_tourplan": "N",
                "it_summarytitle": "Pondicherry (2N)"
            },
            {
                "it_code": "TNCHNIG325",
                "it_fromdest": "Chennai",
                "it_title": "3 Days Trip from Chennai | Pondicherry Leisure Tour",
                "it_duration": "3",
                "it_type": "C",
                "it_url": "/itineraries/chennai/3-day-trip/pondicherry-leisure-tour",
                "it_image": "Pondicherry_Paradise_Beach.jpg;Pondicherry1.jpg;Pondicherry2.jpg;Pondicherry3.jpg",
                "it_popular": "Y",
                "it_tourplan": "N",
                "it_summarytitle": "Pondicherry (2N)"
            },
            {
                "it_code": "TNCHNIG407",
                "it_fromdest": "Chennai",
                "it_title": "Kanchipuram - Pondicherry - Mahabalipuram (from Chennai)",
                "it_duration": "4",
                "it_type": "C",
                "it_url": "/itineraries/chennai/4-day-trip/kanchipuram-pondicherry-mahabalipuram-in-4-days",
                "it_image": "Mahabalipuram2.jpg",
                "it_popular": "Y",
                "it_tourplan": "Y",
                "it_summarytitle": "Kanchipuram (1N) - Pondicherry (2N)"
            },
            {
                "it_code": "KABLRIG422",
                "it_fromdest": "Bangalore",
                "it_title": "4 Days Trip from Bangalore | Pondicherry & Yelagiri",
                "it_duration": "4",
                "it_type": "C",
                "it_url": "/itineraries/bangalore/4-day-trip/best-of-pondicherry-yelagiri",
                "it_image": "Pondicherry2.jpg",
                "it_popular": "N",
                "it_tourplan": "Y",
                "it_summarytitle": "Pondicherry (2N) - Yelagiri (1N)"
            },
            {
                "it_code": "KABLRIG433",
                "it_fromdest": "Bangalore",
                "it_title": "4 Days Trip from Bangalore | Best of Pondicherry & Yercaud",
                "it_duration": "4",
                "it_type": "C",
                "it_url": "/itineraries/bangalore/4-day-trip/best-of-pondicherry-yercaud",
                "it_image": "Pondicherry1.jpg;Pondicherry2.jpg;Pondicherry_Paradise_Beach.jpg;Pondicherry3.jpg;Mahabalipuram1.jpg;Mahabalipuram2.jpg;Yercaud1.jpg",
                "it_popular": "N",
                "it_tourplan": "Y",
                "it_summarytitle": "Pondicherry (2N) - Yercaud (1N)"
            },
            {
                "it_code": "KABLRIG436",
                "it_fromdest": "Bangalore",
                "it_title": "4 Days Trip from Bangalore | Mahabalipuram - Pondicherry - Chidambaram",
                "it_duration": "4",
                "it_type": "C",
                "it_url": "/itineraries/bangalore/4-day-trip/mahabalipuram-pondicherry-chidambaram",
                "it_image": "Pondicherry1.jpg;Pondicherry2.jpg;Pondicherry_Paradise_Beach.jpg;Pondicherry3.jpg;Mahabalipuram1.jpg;Mahabalipuram2.jpg;Chidambaram1.jpg",
                "it_popular": "N",
                "it_tourplan": "N",
                "it_summarytitle": "Pondicherry (2N) - Chidambaram (1N)"
            },
            {
                "it_code": "KABLRIG440",
                "it_fromdest": "Bangalore",
                "it_title": "4 Days Trip from Bangalore | Kanchipuram - Mahabalipuram - Pondicherry",
                "it_duration": "4",
                "it_type": "C",
                "it_url": "/itineraries/bangalore/4-day-trip/kanchipuram-mahabalipuram-pondicherry",
                "it_image": "Pondicherry3.jpg;Pondicherry1.jpg;Pondicherry2.jpg;Pondicherry_Paradise_Beach.jpg;Mahabalipuram1.jpg;Mahabalipuram2.jpg;Kanchipuram.jpg",
                "it_popular": "N",
                "it_tourplan": "N",
                "it_summarytitle": "Kanchipuram (1N) - Pondicherry (2N)"
            },
            {
                "it_code": "TNCHNIG409",
                "it_fromdest": "Chennai",
                "it_title": "Pondicherry - Chidambaram - Karaikal (from Chennai)",
                "it_duration": "4",
                "it_type": "C",
                "it_url": "/itineraries/chennai/4-day-trip/pondicherry-chidambaram-karaikal",
                "it_image": "Karaikal_Beach.jpg",
                "it_popular": "N",
                "it_tourplan": "Y",
                "it_summarytitle": "Pondicherry (2N) - Karaikal  (1N)"
            },
            {
                "it_code": "TNCHNIG410",
                "it_fromdest": "Chennai",
                "it_title": "Pondicherry & Chidambaram (from Chennai)",
                "it_duration": "4",
                "it_type": "C",
                "it_url": "/itineraries/chennai/4-day-trip/pondicherry-chidambaram-tour-in-4-days",
                "it_image": "Gangaikonda_Cholapuram1.jpg",
                "it_popular": "N",
                "it_tourplan": "Y",
                "it_summarytitle": "Pondicherry (2N) - Chidambaram (1N) "
            },
            {
                "it_code": "TNCHNIG415",
                "it_fromdest": "Chennai",
                "it_title": "Chennai - Mahabalipuram - Pondicherry (from Chennai)",
                "it_duration": "4",
                "it_type": "C",
                "it_url": "/itineraries/chennai/4-day-trip/chennai-mahabalipuram-pondicherry-tour-in-4-days",
                "it_image": "Pondicherry2.jpg",
                "it_popular": "N",
                "it_tourplan": "Y",
                "it_summarytitle": "Chennai (1N) - Pondicherry (2N)"
            },
            {
                "it_code": "TNCHNIG416",
                "it_fromdest": "Chennai",
                "it_title": "Pondicherry & Karaikal (from Chennai)",
                "it_duration": "4",
                "it_type": "C",
                "it_url": "/itineraries/chennai/4-day-trip/pondicherry-karaikal-tour-in-4-days",
                "it_image": "Pondicherry_Paradise_Beach.jpg",
                "it_popular": "N",
                "it_tourplan": "Y",
                "it_summarytitle": "Pondicherry (2N) - Karaikal (1N)"
            },
            {
                "it_code": "TNCHNIG419",
                "it_fromdest": "Chennai",
                "it_title": "Chidambaram - Pondicherry - Kanchipuram (from Chennai)",
                "it_duration": "4",
                "it_type": "C",
                "it_url": "/itineraries/chennai/4-day-trip/chidambaram-pondicherry-kanchipuram-in-4-days",
                "it_image": "Mahabalipuram2.jpg",
                "it_popular": "N",
                "it_tourplan": "Y",
                "it_summarytitle": "Chidambaram (1N) - Pondicherry (1N) - Kanchipuram (1N)"
            },
            {
                "it_code": "TNCHNIG504",
                "it_fromdest": "Chennai",
                "it_title": "Chennai - Kanchipuram - Pondicherry - Mahabalipuram (from Chennai)",
                "it_duration": "5",
                "it_type": "C",
                "it_url": "/itineraries/chennai/5-day-trip/chennai-kanchipuram-pondicherry-mahabalipuram",
                "it_image": "Kanchipuram1.jpg",
                "it_popular": "N",
                "it_tourplan": "Y",
                "it_summarytitle": "Chennai (1N) - Pondicherry (2N) - Mahabalipuram (1N)"
            },
            {
                "it_code": "TNCHNIG508",
                "it_fromdest": "Chennai",
                "it_title": "Mahabalipuram - Pondicherry - Chidambaram - Kanchipuram (from Chennai)",
                "it_duration": "5",
                "it_type": "C",
                "it_url": "/itineraries/chennai/5-day-trip/mahabalipuram-pondicherry-chidambaram-kanchipuram",
                "it_image": "Pondicherry1.jpg",
                "it_popular": "Y",
                "it_tourplan": "Y",
                "it_summarytitle": "Pondicherry (2N) - Chidambaram (1N) - Kanchipuram (1N)"
            },
            {
                "it_code": "PYPRYID101",
                "it_fromdest": "Pondicherry",
                "it_title": "Must Visit Places in Pondicherry",
                "it_duration": "1",
                "it_type": "D",
                "it_url": "/itineraries/pondicherry/one-day-trip/must-visit-of-pondicherry",
                "it_image": "Pondicherry1.jpg",
                "it_popular": "N",
                "it_tourplan": "N",
                "it_summarytitle": "Pondicherry (Day)"
            },
            {
                "it_code": "PYPRYID201",
                "it_fromdest": "Pondicherry",
                "it_title": "Best of Pondicherry (from Pondicherry)",
                "it_duration": "2",
                "it_type": "D",
                "it_url": "/itineraries/pondicherry/2-day-trip/best-of-pondicherry",
                "it_image": "Pondicherry2.jpg",
                "it_popular": "N",
                "it_tourplan": "N",
                "it_summarytitle": "Pondicherry (1N)"
            },
            {
                "it_code": "PYPRYID202",
                "it_fromdest": "Pondicherry",
                "it_title": "Quick Tour of Pondicherry & Mahabalipuram (from Pondicherry)",
                "it_duration": "2",
                "it_type": "D",
                "it_url": "/itineraries/pondicherry/2-day-trip/pondicherry-mahabalipuram-in-2-days",
                "it_image": "Mahabalipuram2.jpg",
                "it_popular": "N",
                "it_tourplan": "N",
                "it_summarytitle": "Pondicherry (1N)"
            },
            {
                "it_code": "PYPRYID301",
                "it_fromdest": "Pondicherry",
                "it_title": "Pondicherry - Chidambaram - Gangaikonda Cholapuram (from Pondicherry)",
                "it_duration": "3",
                "it_type": "D",
                "it_url": "/itineraries/pondicherry/3-day-trip/pondicherry-chidambaram-gangaikonda-cholapuram",
                "it_image": "Gangaikonda_Cholapuram1.jpg",
                "it_popular": "N",
                "it_tourplan": "N",
                "it_summarytitle": "Pondicherry (2N)"
            },
            {
                "it_code": "PYPRYID302",
                "it_fromdest": "Pondicherry",
                "it_title": "Pondicherry & Mahabalipuram in 3 Days (from Pondicherry)",
                "it_duration": "3",
                "it_type": "D",
                "it_url": "/itineraries/pondicherry/3-day-trip/pondicherry-mahabalipuram-in-3-days",
                "it_image": "Mahabalipuram1.jpg",
                "it_popular": "N",
                "it_tourplan": "N",
                "it_summarytitle": "Pondicherry (2N)"
            },
            {
                "it_code": "PYPRYID303",
                "it_fromdest": "Pondicherry",
                "it_title": "Pondicherry - Gingee Fort - Tiruvannamalai (from Pondicherry)",
                "it_duration": "3",
                "it_type": "D",
                "it_url": "/itineraries/pondicherry/3-day-trip/pondicherry-gingee-tiruvannamalai",
                "it_image": "Tiruvannamalai1.jpg",
                "it_popular": "N",
                "it_tourplan": "N",
                "it_summarytitle": "Pondicherry (2N)"
            }
        ]
    }
}